{
  "project_info": {
    "project_number": "252902474246",
    "project_id": "dev-meetups-18042",
    "storage_bucket": "dev-meetups-18042.appspot.com"
  },
  "client": [
    {
      "client_info": {
        "mobilesdk_app_id": "1:252902474246:android:aa025852dbe49a95fdf987",
        "android_client_info": {
          "package_name": "br.com.alura.meetups"
        }
      },
      "oauth_client": [
        {
          "client_id": "252902474246-39s64dithv0961eqcrurqnij0cohdgvk.apps.googleusercontent.com",
          "client_type": 3
        }
      ],
      "api_key": [
        {
          "current_key": "AIzaSyBtb2dDd85reEbGKyLaWDmrgtT7PD0jvIU"
        }
      ],
      "services": {
        "appinvite_service": {
          "other_platform_oauth_client": [
            {
              "client_id": "252902474246-39s64dithv0961eqcrurqnij0cohdgvk.apps.googleusercontent.com",
              "client_type": 3
            }
          ]
        }
      }
    }
  ],
  "configuration_version": "1"
}